"FileName","HasArticleMeta","HasLinkedInShare","HasInlineLinkedIn","HasFloatingLinkedIn","LinkedInComponents","Status"
"adapting-with-purpose-lifelong-learning-in-the-ai-age.pug","True","False","False","False","0","Meta Only"
"adding-weather-component-a-typescript-learning-journey.pug","False","False","False","False","0","Missing Both"
"ai-and-critical-thinking-in-software-development.pug","True","False","False","False","0","Meta Only"
"ai-assisted-development-claude-and-github-copilot.pug","True","False","False","False","0","Meta Only"
"ai-observability-is-no-joke.pug","False","False","False","False","0","Missing Both"
"an-introduction-to-neural-networks.pug","True","False","False","False","0","Meta Only"
"architecting-agentic-services-in-net-9-semantic-kernel-enterprise-ai-architecture.pug","True","False","False","False","0","Meta Only"
"automating-my-github-profile-with-the-latest-blog-posts-using-github-actions.pug","False","False","False","False","0","Missing Both"
"azure-wiki-expert-gpt-a-game-changer-for-azure-devops-documentation.pug","False","False","False","False","0","Missing Both"
"building-a-web-application-to-manage-your-blog-articles.pug","False","False","False","False","0","Missing Both"
"building-artspark-where-ai-meets-art-history.pug","True","False","False","False","0","Meta Only"
"building-my-first-react-site-using-vite.pug","False","False","False","False","0","Missing Both"
"building-real-time-chat-with-react-signalr-and-markdown-streaming.pug","True","False","False","False","0","Meta Only"
"building-resilient-net-applications-with-polly.pug","False","False","False","False","0","Missing Both"
"building-teachspark-ai-powered-educational-technology-for-teachers.pug","True","True","True","True","3","Complete"
"canonical-url-troubleshooting-for-static-web-apps.pug","False","False","False","False","0","Missing Both"
"chatgpt-meets-jeopardy-c-solution-for-trivia-aficionados.pug","False","False","False","False","0","Missing Both"
"computer-vision-in-machine-learning.pug","False","False","False","False","0","Missing Both"
"creating-law-and-order-episode-generator.pug","False","False","False","False","0","Missing Both"
"data-science-for-net-developers.pug","False","False","False","False","0","Missing Both"
"developing-markhazletoncom-tools-and-approach.pug","False","False","False","False","0","Missing Both"
"eds-super-bowl-commercials.pug","False","False","False","False","0","Missing Both"
"embracing-azure-static-web-apps-for-static-site-hosting.pug","False","False","False","False","0","Missing Both"
"english-is-the-new-programming-language-of-choice.pug","False","False","False","False","0","Missing Both"
"exploratory-data-analysis-eda-using-python.pug","False","False","False","False","0","Missing Both"
"exploring-nutritional-data-using-pca-and-k-means-clustering.pug","False","False","False","False","0","Missing Both"
"fire-and-forget-for-enhanced-performance.pug","False","False","False","False","0","Missing Both"
"fixing-a-runaway-nodejs-recursive-folder-issue.pug","False","False","False","False","0","Missing Both"
"from-readme-to-reality-teaching-an-agent-to-bootstrap-a-ui-theme.pug","True","False","False","False","0","Meta Only"
"generate-wiki-documentation-from-your-code-repository.pug","False","False","False","False","0","Missing Both"
"generating-a-key-press-counter-with-chatgpt.pug","False","False","False","False","0","Missing Both"
"getting-started-with-pug-history-background-and-future.pug","False","False","False","False","0","Missing Both"
"harnessing-nlp-concepts-and-real-world-impact.pug","False","False","False","False","0","Missing Both"
"harnessing-the-power-of-caching-in-aspnet-with-memorycachemanager.pug","False","False","False","False","0","Missing Both"
"i-know-ap-the-transformative-power-of-mcp.pug","True","False","False","False","0","Meta Only"
"integrating-chat-completions-into-prompt-spark.pug","False","False","False","False","0","Missing Both"
"interactive-chat-in-promptspark-with-signalr-and-semantic-kernel-chat-completions.pug","False","False","False","False","0","Missing Both"
"kendrick-lamars-super-bowl-lix-halftime-show-a-masterpiece-of-metaphors.pug","False","False","False","False","0","Missing Both"
"migrating-samplemvccrud-application-from-net-8-to-net-9.pug","False","False","False","False","0","Missing Both"
"moving-to-markhazletoncom.pug","False","False","False","False","0","Missing Both"
"nuget-gallery-developer-and-educator.pug","False","False","False","False","0","Missing Both"
"nuget-packages-pros-cons.pug","True","False","False","False","0","Meta Only"
"open-ai-sora-first-impressions.pug","False","False","False","False","0","Missing Both"
"pedernales-cellars-winery-in-texas-hill-country.pug","False","False","False","False","0","Missing Both"
"prompt-spark-revolutionizing-llm-system-prompt-management.pug","False","False","False","False","0","Missing Both"
"python-the-language-of-data-science.pug","False","False","False","False","0","Missing Both"
"reactspark-a-comprehensive-portfolio-showcase.pug","True","False","False","False","0","Meta Only"
"riffusion-ai-revolutionizing-music-creation.pug","False","False","False","False","0","Missing Both"
"syntax-highlighting-using-prismjs-for-xml-pug-yaml-and-csharp.pug","False","False","False","False","0","Missing Both"
"taking-fastendpoints-for-a-test-drive.pug","False","False","False","False","0","Missing Both"
"taking-microsoft-copilot-studio-for-a-test-drive.pug","False","False","False","False","0","Missing Both"
"the-ai-confidence-trap.pug","True","True","True","True","3","Complete"
"the-art-of-making-yourself-replaceable-a-developers-guide-to-career-growth.pug","False","False","False","False","0","Missing Both"
"the-balanced-equation-crafting-the-perfect-project-team-mix.pug","False","False","False","False","0","Missing Both"
"the-brain-behind-the-jshow-trivia-demo-on-webspark-j-show-builder-gpt.pug","False","False","False","False","0","Missing Both"
"the-building-of-react-native-web-start.pug","False","True","True","True","3","LinkedIn Only"
"the-creation-of-sharesmallbizcom-a-platform-for-small-business-success.pug","False","False","False","False","0","Missing Both"
"the-impact-of-input-case-on-llm-categorization.pug","False","False","False","False","0","Missing Both"
"the-new-era-of-individual-agency-how-ai-tools-are-empowering-the-self-starter.pug","True","False","False","False","0","Meta Only"
"the-singleton-advantage-managing-configurations-in-net.pug","False","False","False","False","0","Missing Both"
"transforming-samplemvccrud-with-net-aspire-a-cloud-native-evolution.pug","False","False","False","False","0","Missing Both"
"troubleshooting-and-rebuilding-my-js-dev-env-project.pug","False","False","False","False","0","Missing Both"
"using-large-language-models-to-generate-structured-data.pug","False","False","False","False","0","Missing Both"
"using-notebooklm-clipchamp-and-chatgpt-for-podcasts.pug","False","False","False","False","0","Missing Both"
"webspark-the-next-evolution-of-web-project-mechanics.pug","False","False","False","False","0","Missing Both"
"wichita-sewer-site-creation.pug","False","False","False","False","0","Missing Both"
"windows-to-mac-broadening-my-horizons.pug","False","False","False","False","0","Missing Both"
"workflow-driven-chat-applications-powered-by-adaptive-cards.pug","False","False","False","False","0","Missing Both"
